-- MySQL dump 10.13  Distrib 5.7.23, for Linux (x86_64)
--
-- Host: localhost    Database: nconf
-- ------------------------------------------------------
-- Server version	5.7.23

/*!40101 SET @OLD_CHARACTER_SET_CLIENT=@@CHARACTER_SET_CLIENT */;
/*!40101 SET @OLD_CHARACTER_SET_RESULTS=@@CHARACTER_SET_RESULTS */;
/*!40101 SET @OLD_COLLATION_CONNECTION=@@COLLATION_CONNECTION */;
/*!40101 SET NAMES utf8 */;
/*!40103 SET @OLD_TIME_ZONE=@@TIME_ZONE */;
/*!40103 SET TIME_ZONE='+00:00' */;
/*!40014 SET @OLD_UNIQUE_CHECKS=@@UNIQUE_CHECKS, UNIQUE_CHECKS=0 */;
/*!40014 SET @OLD_FOREIGN_KEY_CHECKS=@@FOREIGN_KEY_CHECKS, FOREIGN_KEY_CHECKS=0 */;
/*!40101 SET @OLD_SQL_MODE=@@SQL_MODE, SQL_MODE='NO_AUTO_VALUE_ON_ZERO' */;
/*!40111 SET @OLD_SQL_NOTES=@@SQL_NOTES, SQL_NOTES=0 */;

--
-- Table structure for table `ConfigAttrs`
--

DROP TABLE IF EXISTS `ConfigAttrs`;
/*!40101 SET @saved_cs_client     = @@character_set_client */;
/*!40101 SET character_set_client = utf8 */;
CREATE TABLE `ConfigAttrs` (
  `id_attr` int(10) unsigned NOT NULL AUTO_INCREMENT,
  `attr_name` varchar(60) NOT NULL DEFAULT '',
  `friendly_name` varchar(80) NOT NULL DEFAULT '',
  `description` varchar(250) DEFAULT NULL,
  `datatype` enum('text','password','select','assign_one','assign_many','assign_cust_order') NOT NULL DEFAULT 'text',
  `max_length` int(11) DEFAULT NULL,
  `poss_values` text,
  `predef_value` varchar(1024) DEFAULT NULL,
  `mandatory` enum('yes','no') NOT NULL DEFAULT 'no',
  `ordering` int(11) NOT NULL DEFAULT '0',
  `visible` enum('yes','no') NOT NULL DEFAULT 'yes',
  `write_to_conf` enum('yes','no') NOT NULL DEFAULT 'yes',
  `naming_attr` enum('yes','no') NOT NULL DEFAULT 'no',
  `link_as_child` enum('yes','no') NOT NULL DEFAULT 'no',
  `link_bidirectional` enum('yes','no') NOT NULL DEFAULT 'no',
  `fk_show_class_items` int(10) unsigned DEFAULT NULL,
  `fk_id_class` int(10) unsigned NOT NULL DEFAULT '0',
  PRIMARY KEY (`id_attr`),
  KEY `fk_show_class_items` (`fk_show_class_items`),
  KEY `fk_id_class` (`fk_id_class`),
  CONSTRAINT `ConfigAttrs_ibfk_1` FOREIGN KEY (`fk_show_class_items`) REFERENCES `ConfigClasses` (`id_class`) ON DELETE CASCADE ON UPDATE CASCADE,
  CONSTRAINT `ConfigAttrs_ibfk_2` FOREIGN KEY (`fk_id_class`) REFERENCES `ConfigClasses` (`id_class`) ON DELETE CASCADE ON UPDATE CASCADE
) ENGINE=InnoDB AUTO_INCREMENT=231 DEFAULT CHARSET=latin1;
/*!40101 SET character_set_client = @saved_cs_client */;

--
-- Dumping data for table `ConfigAttrs`
--

LOCK TABLES `ConfigAttrs` WRITE;
/*!40000 ALTER TABLE `ConfigAttrs` DISABLE KEYS */;
INSERT INTO `ConfigAttrs` VALUES (1,'server_name','server name',NULL,'text',255,'','','yes',1,'yes','no','yes','no','no',NULL,10),(6,'server_name','server name',NULL,'text',255,'','','yes',1,'yes','no','yes','no','no',NULL,11),(12,'icon_image_alt','OS description',NULL,'text',255,'','','yes',1,'yes','yes','yes','no','no',NULL,9),(13,'icon_image','icon image','img/logos/...','text',255,'','base/linux40.gif','no',2,'yes','yes','no','no','no',NULL,9),(14,'statusmap_image','statusmap image','img/logos/...','text',255,'','base/linux40.gd2','no',3,'yes','yes','no','no','no',NULL,9),(15,'host_name','hostname',NULL,'text',255,'','','yes',1,'yes','yes','yes','no','no',NULL,1),(16,'alias','alias','alias or FQDN','text',255,'','','no',2,'yes','yes','no','no','no',NULL,1),(17,'address','address','IP-address / DNS name','text',255,'','','yes',3,'yes','yes','no','no','no',NULL,1),(18,'os','OS','','assign_one',0,'','Linux','yes',4,'yes','no','no','no','no',9,1),(19,'check_period','check period','time period to run checks','assign_one',0,'','24x7','no',8,'yes','yes','no','no','no',7,1),(20,'notification_period','notification period','time period to alarm','assign_one',0,'','24x7','no',9,'yes','yes','no','no','no',7,1),(22,'contact_groups','contact groups','responsible group','assign_many',0,'','','no',12,'yes','yes','no','no','no',6,1),(23,'parents','parent hosts','','assign_many',0,'','','no',14,'yes','yes','no','no','no',1,1),(24,'notes','notes',NULL,'text',1024,'','','no',15,'yes','yes','no','no','no',NULL,1),(25,'notes_url','notes URL',NULL,'text',1024,'','','no',16,'yes','yes','no','no','no',NULL,1),(26,'monitored_by','monitored by','monitoring server (empty = not monitored)','assign_one',0,'','','no',6,'yes','no','no','no','no',10,1),(27,'hostgroup_name','hostgroup name',NULL,'text',255,'','','yes',1,'yes','yes','yes','no','no',NULL,2),(28,'alias','alias',NULL,'text',255,'','','yes',2,'yes','yes','no','no','no',NULL,2),(29,'members','assign host to hostgroup',NULL,'assign_many',0,'','','no',3,'yes','yes','no','yes','yes',1,2),(30,'command_name','check command name',NULL,'text',255,'','','yes',1,'yes','yes','yes','no','no',NULL,8),(31,'command_line','check command line',NULL,'text',1024,'','','yes',3,'yes','yes','no','no','no',NULL,8),(32,'timeperiod_name','timeperiod name',NULL,'text',255,'','','yes',1,'yes','yes','yes','no','no',NULL,7),(33,'alias','alias',NULL,'text',255,'','','yes',2,'yes','yes','no','no','no',NULL,7),(34,'sunday','sunday timeperiod','00:00-24:00','text',255,'','','no',3,'yes','yes','no','no','no',NULL,7),(35,'monday','monday timeperiod','00:00-24:00','text',255,'','','no',4,'yes','yes','no','no','no',NULL,7),(36,'tuesday','tuesday timeperiod','00:00-24:00','text',255,'','','no',5,'yes','yes','no','no','no',NULL,7),(37,'wednesday','wednesday timeperiod','00:00-24:00','text',255,'','','no',6,'yes','yes','no','no','no',NULL,7),(38,'thursday','thursday timeperiod','00:00-24:00','text',255,'','','no',7,'yes','yes','no','no','no',NULL,7),(39,'friday','friday timeperiod','00:00-24:00','text',255,'','','no',8,'yes','yes','no','no','no',NULL,7),(40,'saturday','saturday timeperiod','00:00-24:00','text',255,'','','no',9,'yes','yes','no','no','no',NULL,7),(47,'contact_name','contact name','username','text',255,'','','yes',1,'yes','yes','yes','no','no',NULL,5),(48,'alias','alias','firstname lastname','text',255,'','','yes',2,'yes','yes','no','no','no',NULL,5),(49,'host_notification_period','host notification period','host alarming timeperiod','assign_one',0,'','','no',3,'yes','yes','no','no','no',7,5),(50,'service_notification_period','service notification period','service alarming timeperiod','assign_one',0,'','','no',4,'yes','yes','no','no','no',7,5),(51,'host_notification_options','host notification options','possible values: d,u,r,f,[n]','text',20,'','d','no',5,'yes','yes','no','no','no',NULL,5),(52,'service_notification_options','service notification options','possible values: w,u,c,r,f,[n]','text',20,'','c','no',6,'yes','yes','no','no','no',NULL,5),(53,'host_notification_commands','host notification commands','default: notify-host-by-email','assign_many',0,'','notify-host-by-email','no',9,'yes','yes','no','no','no',13,5),(54,'service_notification_commands','service notification commands','default: notify-service-by-email','assign_many',0,'','notify-service-by-email','no',10,'yes','yes','no','no','no',13,5),(55,'email','e-mail address',NULL,'text',255,'','','yes',7,'yes','yes','no','no','no',NULL,5),(56,'pager','pager / phone nr.','(country code) + (prefix) + (number)','text',255,'','','no',8,'yes','yes','no','no','no',NULL,5),(57,'contactgroup_name','contactgroup name',NULL,'text',255,'','','yes',1,'yes','yes','yes','no','no',NULL,6),(58,'alias','alias',NULL,'text',255,'','','yes',2,'yes','yes','no','no','no',NULL,6),(59,'members','assign contact to contactgroup',NULL,'assign_many',0,'','','no',3,'yes','yes','no','yes','yes',5,6),(60,'service_description','service name',NULL,'text',255,'','','yes',1,'yes','yes','yes','no','no',NULL,3),(61,'check_command','check command',NULL,'assign_one',0,'','','yes',3,'yes','yes','no','no','no',8,3),(62,'host_name','assigned to host',NULL,'assign_one',0,'','','yes',4,'yes','yes','no','no','no',1,3),(63,'check_period','check period','time period to run checks','assign_one',0,'','24x7','no',5,'yes','yes','no','no','no',7,3),(64,'notification_period','notification period','time period to alarm','assign_one',0,'','','no',6,'yes','yes','no','no','no',7,3),(65,'contact_groups','contact groups','responsible group','assign_many',0,'','','no',8,'yes','yes','no','no','no',6,3),(67,'notes','notes',NULL,'text',1024,'','','no',9,'yes','yes','no','no','no',NULL,3),(68,'notes_url','notes URL',NULL,'text',1024,'','','no',10,'yes','yes','no','no','no',NULL,3),(69,'event_handler_enabled','event-handler enabled',NULL,'select',0,'0::1','0','no',23,'no','yes','no','no','no',NULL,3),(70,'servicegroup_name','servicegroup name',NULL,'text',255,'','','yes',1,'yes','yes','yes','no','no',NULL,4),(71,'alias','alias',NULL,'text',255,'','','yes',2,'yes','yes','no','no','no',NULL,4),(72,'members','assign service to servicegroup',NULL,'assign_many',0,'','','no',3,'yes','yes','no','yes','yes',3,4),(73,'template_name','host preset name',NULL,'text',255,'','','yes',1,'yes','no','yes','no','no',NULL,12),(74,'command_name','host preset commands','auto-create services for a new host based on these checkcommands','assign_many',0,'','','no',3,'yes','no','no','yes','no',8,12),(75,'host-preset','host preset','predefined services / host-alive check','assign_one',0,'','linux-server','yes',5,'yes','no','no','no','no',12,1),(79,'check_params','params for check command',NULL,'text',1024,'','!','no',24,'yes','no','no','no','no',NULL,3),(81,'hostalive_check','host-alive check','','assign_one',0,'','check-host-alive','yes',2,'yes','yes','no','no','no',13,12),(86,'command_syntax','params description','short description of each parameter (comma separated, same order)','text',1024,'','','no',5,'yes','no','no','no','no',NULL,8),(87,'default_params','default command params','separated by \"!\"','text',1024,'','!','no',4,'yes','no','no','no','no',NULL,8),(91,'collector_check_freshness','check freshness (of collectors)','value is applied to \"check_ssh\" service on \"host is collector\" flagged hosts','select',0,'0::1','1','yes',2,'yes','no','no','no','no',NULL,11),(92,'collector_freshness_threshold','freshness threshold (of collectors)','value is applied to \"check_ssh\" service on \"host is collector\" flagged hosts; sets the time until service becomes \"stale\" (useful to verify connection between collectors and monitors)','text',5,'','900','yes',3,'yes','no','no','no','no',NULL,11),(93,'host_is_collector','host is collector','is this host a collector itself?','select',0,'no::yes','no','yes',7,'yes','no','no','no','no',NULL,1),(94,'command_param_count','amount of params','','select',0,'0::1::2::3::4::5::6::7::8::9::10','1','yes',6,'yes','no','no','no','no',NULL,8),(95,'user_password','user password','password for NConf & Nagios GUI','password',255,'','','no',11,'no','no','no','no','no',NULL,5),(96,'nc_permission','nconf permissions','defines the permissions in NConf','select',0,'no access::user::admin','user','no',12,'no','no','no','no','no',NULL,5),(97,'nagios_access','nagios access','defines access to the Nagios GUI','select',0,'enabled::disabled','enabled','no',13,'no','no','no','no','no',NULL,5),(98,'command_name','misc command name','','text',255,'','','yes',1,'yes','yes','yes','no','no',NULL,13),(99,'command_line','misc command line','','text',1024,'','','yes',2,'yes','yes','no','no','no',NULL,13),(101,'action_url','action URL','PNP URL (if installed)','select',0,'/nagios/html/pnp4nagios/index.php?host=$HOSTNAME$::https://URL_TO_NCONF/dependency.php?xmode=nagiosview&hostname=$HOSTNAME$&service_link=https://URL_TO_NAGIOS/nagios/cgi-bin/extinfo.cgi::https://URL_TO_NCONF/dependency.php?xmode=nagiosview&hostname=$HOSTNAME$&service_link=https://URL_TO_NAGIOS/nagios/cgi-bin/extinfo.cgi&pnp_link=https://URL_TO_NAGIOS/nagios/html/pnp4nagios/index.php','','no',17,'yes','yes','no','no','no',NULL,1),(102,'action_url','action URL','PNP URL (if installed)','select',0,'/nagios/html/pnp4nagios/index.php?host=$HOSTNAME$&srv=$SERVICEDESC$','','no',11,'yes','yes','no','no','no',NULL,3),(103,'default_service_name','default service name','default name to use for new services','text',255,NULL,NULL,'no',2,'yes','no','no','no','no',NULL,8),(104,'notes','notes',NULL,'text',1024,NULL,NULL,'no',5,'yes','yes','no','no','no',NULL,2),(105,'notes_url','notes URL',NULL,'text',1024,NULL,NULL,'no',6,'yes','yes','no','no','no',NULL,2),(106,'notes','notes',NULL,'text',1024,NULL,NULL,'no',5,'yes','yes','no','no','no',NULL,4),(107,'notes_url','notes URL',NULL,'text',1024,NULL,NULL,'no',6,'yes','yes','no','no','no',NULL,4),(108,'name','template name','','text',255,'','','yes',1,'yes','yes','yes','no','no',NULL,14),(109,'host_name','host name','mandatory if \"register\" = 1','text',255,'','','no',2,'no','no','no','no','no',NULL,14),(110,'register','register','display this template as a host in Nagios','select',0,'0::1','0','yes',3,'no','yes','no','no','no',NULL,14),(111,'check_period','check period','time period to run checks','assign_one',0,'','','no',4,'yes','yes','no','no','no',7,14),(112,'notification_period','notification period','time period to alarm','assign_one',0,'','','no',5,'yes','yes','no','no','no',7,14),(113,'check_command','check command','host-alive check','assign_one',0,'','','no',6,'yes','yes','no','no','no',13,14),(114,'use','parent template(s)','parent template(s) to inherit from','assign_cust_order',0,'','','no',7,'yes','yes','no','no','no',14,14),(115,'contact_groups','contact groups','responsible group','assign_many',0,'','','no',8,'yes','yes','no','no','no',6,14),(116,'notes','notes',NULL,'text',1024,'','','no',9,'yes','yes','no','no','no',NULL,14),(117,'notes_url','notes URL',NULL,'text',1024,'','','no',10,'yes','yes','no','no','no',NULL,14),(118,'action_url','action URL','PNP URL (if installed)','select',0,'/nagios/html/pnp4nagios/index.php?host=$HOSTNAME$::https://URL_TO_NCONF/dependency.php?xmode=nagiosview&hostname=$HOSTNAME$&service_link=https://URL_TO_NAGIOS/nagios/cgi-bin/extinfo.cgi::https://URL_TO_NCONF/dependency.php?xmode=nagiosview&hostname=$HOSTNAME$&service_link=https://URL_TO_NAGIOS/nagios/cgi-bin/extinfo.cgi&pnp_link=https://URL_TO_NAGIOS/nagios/html/pnp4nagios/index.php','','no',11,'yes','yes','no','no','no',NULL,14),(119,'max_check_attempts','max check attempts','number of times to retry checking','text',4,'','','no',12,'yes','yes','no','no','no',NULL,14),(120,'check_interval','check interval','number of [min.] between regularly scheduled checks','text',4,'','','no',13,'yes','yes','no','no','no',NULL,14),(121,'retry_interval','retry interval','number of [min.] to wait before scheduling a re-check','text',4,'','','no',14,'yes','yes','no','no','no',NULL,14),(122,'notification_interval','notification interval','number of [min.] to wait before re-notifying a contact','text',4,'','','no',16,'yes','yes','no','no','no',NULL,14),(123,'notification_options','notification options','possible values: d,u,r,f,s,[n]','text',20,'','','no',17,'yes','yes','no','no','no',NULL,14),(124,'active_checks_enabled','active checking','do active checking of hosts','select',0,'0::1','','no',18,'yes','yes','no','no','no',NULL,14),(125,'passive_checks_enabled','passive checking','do passive checking of hosts','select',0,'0::1','','no',19,'yes','yes','no','no','no',NULL,14),(126,'notifications_enabled','notification enabled','send notifications for hosts','select',0,'0::1','','no',20,'yes','yes','no','no','no',NULL,14),(127,'check_freshness','check freshness','check age of last check results','select',0,'0::1','','no',21,'yes','yes','no','no','no',NULL,14),(128,'freshness_threshold','freshness threshold','age threshold in [sec.]','text',5,'','','no',22,'yes','yes','no','no','no',NULL,14),(129,'name','template name','','text',255,'','','yes',1,'yes','yes','yes','no','no',NULL,15),(130,'service_description','service name','mandatory if \"register\" = 1','text',255,'','','no',2,'no','no','no','no','no',NULL,15),(131,'register','register','display this template as a service in Nagios','select',0,'0::1','0','yes',3,'no','yes','no','no','no',NULL,15),(132,'check_period','check period','time period to run checks','assign_one',0,'','','no',4,'yes','yes','no','no','no',7,15),(133,'notification_period','notification period','time period to alarm','assign_one',0,'','','no',5,'yes','yes','no','no','no',7,15),(134,'use','parent template(s)','parent template(s) to inherit from','assign_cust_order',0,'','','no',6,'yes','yes','no','no','no',15,15),(135,'contact_groups','contact groups','responsible group','assign_many',0,'','','no',7,'yes','yes','no','no','no',6,15),(136,'notes','notes',NULL,'text',1024,'','','no',8,'yes','yes','no','no','no',NULL,15),(137,'notes_url','notes URL',NULL,'text',1024,'','','no',9,'yes','yes','no','no','no',NULL,15),(138,'action_url','action URL','PNP URL (if installed)','select',0,'/nagios/html/pnp4nagios/index.php?host=$HOSTNAME$&srv=$SERVICEDESC$','','no',10,'yes','yes','no','no','no',NULL,15),(139,'max_check_attempts','max check attempts','number of times to retry checking','text',4,'','','no',11,'yes','yes','no','no','no',NULL,15),(140,'check_interval','check interval','number of [min.] between regularly scheduled checks','text',4,'','','no',12,'yes','yes','no','no','no',NULL,15),(141,'retry_interval','retry interval','number of [min.] to wait before scheduling a re-check','text',4,'','','no',13,'yes','yes','no','no','no',NULL,15),(142,'notification_interval','notification interval','number of [min.] to wait before re-notifying a contact','text',4,'','','no',15,'yes','yes','no','no','no',NULL,15),(143,'notification_options','notification options','possible values: w,u,c,r,f,s,[n]','text',20,'','','no',16,'yes','yes','no','no','no',NULL,15),(144,'active_checks_enabled','active checking','do active checking of services','select',0,'0::1','','no',17,'yes','yes','no','no','no',NULL,15),(145,'passive_checks_enabled','passive checking','do passive checking of services','select',0,'0::1','','no',18,'yes','yes','no','no','no',NULL,15),(146,'notifications_enabled','notification enabled','send notifications for services','select',0,'0::1','','no',19,'yes','yes','no','no','no',NULL,15),(147,'check_freshness','check freshness','check age of last check results','select',0,'0::1','','no',20,'yes','yes','no','no','no',NULL,15),(148,'freshness_threshold','freshness threshold','age threshold in [sec.]','text',5,'','','no',21,'yes','yes','no','no','no',NULL,15),(149,'use','host template(s)','host template(s) to inherit properties from','assign_cust_order',NULL,NULL,NULL,'no',10,'yes','yes','no','no','no',14,1),(150,'use','service template(s)','service template(s) to inherit properties from','assign_cust_order',NULL,NULL,NULL,'no',7,'yes','yes','no','no','no',15,3),(151,'host_template','host template(s)','add the following template(s) to all hosts monitored by this server','assign_cust_order',NULL,NULL,'Default_collector_server','no',2,'yes','no','no','no','no',14,10),(152,'service_template','service template(s)','add the following template(s) to all services monitored by this server','assign_cust_order',NULL,NULL,'Default_collector_server','no',3,'yes','no','no','no','no',15,10),(153,'stale_service_command','stale service command','\"dummy\" command to run for stale services','assign_one',NULL,NULL,'service_is_stale','no',4,'yes','no','no','no','no',13,11),(154,'host_template','host template(s)','add the following template(s) to all hosts monitored by this server','assign_cust_order',NULL,NULL,'Default_monitor_server','no',5,'yes','no','no','no','no',14,11),(155,'service_template','service template(s)','add the following template(s) to all services monitored by this server','assign_cust_order',NULL,NULL,'Default_monitor_server','no',6,'yes','no','no','no','no',15,11),(156,'host_template','host template(s)','add the following template(s) to all hosts linked with this timeperiod','assign_cust_order',NULL,NULL,'','no',10,'yes','no','no','no','no',14,7),(157,'service_template','service template(s)','add the following template(s) to all services linked with this timeperiod','assign_cust_order',NULL,NULL,'','no',11,'yes','no','no','no','no',15,7),(158,'dependency_name','dependency name','description for the dependency definition','text',1024,'','','yes',1,'yes','no','yes','no','no',NULL,16),(159,'execution_failure_criteria','execution failure criteria','possible values: o,d,u,p,n','text',20,'','','no',2,'yes','yes','no','no','no',NULL,16),(160,'notification_failure_criteria','notification failure criteria','possible values: o,d,u,p,n','text',20,'','','no',3,'yes','yes','no','no','no',NULL,16),(161,'dependency_period','dependency time period','restrict dependency to this time period','assign_one',0,'','','no',4,'yes','yes','no','no','no',7,16),(162,'inherits_parent','inherit dependencies','inherit dependencies from host(s) depended on','select',0,'0::1','0','no',5,'yes','yes','no','no','no',NULL,16),(163,'host_name','master host(s)','host(s) being depended upon','assign_many',0,'','','no',6,'yes','yes','no','no','no',1,16),(164,'hostgroup_name','master hostgroup(s)','hostgroup(s) being depended upon','assign_many',0,'','','no',7,'yes','yes','no','no','no',2,16),(165,'dependent_host_name','dependent host(s)','the dependent host(s)','assign_many',0,'','','no',8,'yes','yes','no','no','no',1,16),(166,'dependent_hostgroup_name','dependent hostgroup(s)','the dependent hostgroup(s)','assign_many',0,'','','no',9,'yes','yes','no','no','no',2,16),(167,'dependency_name','dependency name','description for the dependency definition','text',1024,'','','yes',1,'yes','no','yes','no','no',NULL,17),(168,'execution_failure_criteria','execution failure criteria','possible values: o,w,u,c,p,n','text',20,'','','no',2,'yes','yes','no','no','no',NULL,17),(169,'notification_failure_criteria','notification failure criteria','possible values: o,w,u,c,p,n','text',20,'','','no',3,'yes','yes','no','no','no',NULL,17),(170,'dependency_period','dependency time period','restrict dependency to this time period','assign_one',0,'','','no',4,'yes','yes','no','no','no',7,17),(171,'inherits_parent','inherit dependencies','inherit dependencies from service(s) depended on','select',0,'0::1','0','no',5,'yes','yes','no','no','no',NULL,17),(172,'service_description','master service(s)','service(s) being depended upon','assign_many',0,'','','yes',6,'yes','yes','no','no','no',3,17),(173,'dependent_service_description','dependent service(s)','the dependent service(s)','assign_many',0,'','','yes',7,'yes','yes','no','no','no',3,17),(174,'service_enabled','service enabled','enable / disable this service','select',NULL,'yes::no','yes','yes',2,'yes','no','no','no','no',NULL,3),(175,'hostgroup_members','assign hostgroup to hostgroup','','assign_many',0,'','','no',4,'yes','yes','no','yes','no',2,2),(176,'servicegroup_members','assign servicegroup to servicegroup','','assign_many',0,'','','no',4,'yes','yes','no','yes','no',4,4),(177,'contactgroup_members','assign contactgroup to contactgroup','','assign_many',0,'','','no',4,'yes','yes','no','yes','no',6,6),(178,'service_template','default service template(s)','add the following template(s) to all advanced-/services linked with this checkcommand (linked templates are not visible in the GUI because they are linked when the config is generated)','assign_cust_order',NULL,NULL,'','no',7,'yes','no','no','no','no',15,8),(179,'default_service_dependency','default command to depend upon','make all services using the current command dependent on services on the same host using this command selected here','assign_one',NULL,NULL,'','no',8,'yes','no','no','no','no',8,8),(180,'dependency_execution_failure_criteria','execution_failure_criteria for dependency','the \'execution_failure_criteria\' value to use for the dependency; possible values: o,w,u,c,p,[n]','text',20,'','','no',9,'yes','no','no','no','no',NULL,8),(181,'dependency_notification_failure_criteria','notification_failure_criteria for dependency','the \'notification_failure_criteria\' value to use for the dependency; possible values: o,w,u,c,p,[n]','text',20,'','','no',10,'yes','no','no','no','no',NULL,8),(182,'advanced_service_name','advanced service name','NConf internal service name','text',255,'','','yes',1,'yes','no','yes','no','no',NULL,18),(183,'service_description','service description','Nagios specific service description','text',255,'','','yes',2,'yes','yes','no','no','no',NULL,18),(184,'check_command','check command','','assign_one',0,'','','yes',3,'yes','yes','no','no','no',8,18),(185,'check_period','check period','time period to run checks','assign_one',0,'','','no',4,'yes','yes','no','no','no',7,18),(186,'notification_period','notification period','time period to alarm','assign_one',0,'','','no',5,'yes','yes','no','no','no',7,18),(187,'host_name','assign advanced-service to host','','assign_many',0,'','','no',6,'yes','yes','no','no','no',1,18),(188,'hostgroup_name','assign advanced-service to hostgroup','','assign_many',0,'','','no',7,'yes','yes','no','no','yes',2,18),(189,'servicegroups','assign advanced-service to servicegroup','','assign_many',0,'','','no',8,'yes','yes','no','no','yes',4,18),(190,'use','service template(s)','parent template(s) to inherit from','assign_cust_order',0,'','','no',9,'yes','yes','no','no','no',15,18),(191,'contact_groups','contact groups','responsible group','assign_many',0,'','','no',10,'yes','yes','no','no','no',6,18),(192,'notes','notes','','text',1024,'','','no',11,'yes','yes','no','no','no',NULL,18),(193,'notes_url','notes URL','','text',1024,'','','no',12,'yes','yes','no','no','no',NULL,18),(194,'action_url','action URL','PNP URL (if installed)','select',0,'/nagios/html/pnp4nagios/index.php?host=$HOSTNAME$&srv=$SERVICEDESC$','','no',13,'yes','yes','no','no','no',NULL,18),(195,'max_check_attempts','max check attempts','number of times to retry checking','text',4,'','','no',14,'yes','yes','no','no','no',NULL,18),(196,'check_interval','check interval','number of [min.] between regularly scheduled checks','text',4,'','','no',15,'yes','yes','no','no','no',NULL,18),(197,'retry_interval','retry interval','number of [min.] to wait before scheduling a re-check','text',4,'','','no',16,'yes','yes','no','no','no',NULL,18),(198,'first_notification_delay','first notification delay','number of [min.] to wait before sending the first notification','text',4,'','','no',17,'yes','yes','no','no','no',NULL,18),(199,'notification_interval','notification interval','number of [min.] to wait before re-notifying a contact','text',4,'','','no',18,'yes','yes','no','no','no',NULL,18),(200,'notification_options','notification options','possible values: w,u,c,r,f,s,[n]','text',20,'','','no',19,'yes','yes','no','no','no',NULL,18),(201,'active_checks_enabled','active checking','do active checking of services','select',0,'0::1','','no',20,'yes','yes','no','no','no',NULL,18),(202,'passive_checks_enabled','passive checking','do passive checking of services','select',0,'0::1','','no',21,'yes','yes','no','no','no',NULL,18),(203,'notifications_enabled','notification enabled','send notifications for services','select',0,'0::1','','no',22,'yes','yes','no','no','no',NULL,18),(204,'check_freshness','check freshness','check age of last check results','select',0,'0::1','','no',23,'yes','yes','no','no','no',NULL,18),(205,'freshness_threshold','freshness threshold','age threshold in [sec.]','text',5,'','','no',24,'yes','yes','no','no','no',NULL,18),(206,'check_params','params for check command','','text',1024,'','!','no',25,'yes','no','no','no','no',NULL,18),(207,'max_check_attempts','max check attempts','number of times to retry checking','text',4,'','','no',18,'yes','yes','no','no','no',NULL,1),(208,'check_interval','check interval','number of [min.] between regularly scheduled checks','text',4,'','','no',19,'yes','yes','no','no','no',NULL,1),(209,'retry_interval','retry interval','number of [min.] to wait before scheduling a re-check','text',4,'','','no',20,'yes','yes','no','no','no',NULL,1),(210,'first_notification_delay','first notification delay','number of [min.] to wait before sending the first notification','text',4,'','','no',21,'yes','yes','no','no','no',NULL,1),(211,'notification_interval','notification interval','number of [min.] to wait before re-notifying a contact','text',4,'','','no',22,'yes','yes','no','no','no',NULL,1),(212,'notification_options','notification options','possible values: d,u,r,f,s,[n]','text',20,'','','no',23,'yes','yes','no','no','no',NULL,1),(213,'active_checks_enabled','active checking','do active checking of hosts','select',0,'0::1','','no',24,'yes','yes','no','no','no',NULL,1),(214,'passive_checks_enabled','passive checking','do passive checking of hosts','select',0,'0::1','','no',25,'yes','yes','no','no','no',NULL,1),(215,'notifications_enabled','notification enabled','send notifications for hosts','select',0,'0::1','','no',26,'yes','yes','no','no','no',NULL,1),(216,'check_freshness','check freshness','check age of last check results','select',0,'0::1','','no',27,'yes','yes','no','no','no',NULL,1),(217,'freshness_threshold','freshness threshold','age threshold in [sec.]','text',5,'','','no',28,'yes','yes','no','no','no',NULL,1),(218,'max_check_attempts','max check attempts','number of times to retry checking','text',4,'','','no',12,'yes','yes','no','no','no',NULL,3),(219,'check_interval','check interval','number of [min.] between regularly scheduled checks','text',4,'','','no',13,'yes','yes','no','no','no',NULL,3),(220,'retry_interval','retry interval','number of [min.] to wait before scheduling a re-check','text',4,'','','no',14,'yes','yes','no','no','no',NULL,3),(221,'first_notification_delay','first notification delay','number of [min.] to wait before sending the first notification','text',4,'','','no',15,'yes','yes','no','no','no',NULL,3),(222,'notification_interval','notification interval','number of [min.] to wait before re-notifying a contact','text',4,'','','no',16,'yes','yes','no','no','no',NULL,3),(223,'notification_options','notification options','possible values: w,u,c,r,f,s,[n]','text',20,'','','no',17,'yes','yes','no','no','no',NULL,3),(224,'active_checks_enabled','active checking','do active checking of services','select',0,'0::1','','no',18,'yes','yes','no','no','no',NULL,3),(225,'passive_checks_enabled','passive checking','do passive checking of services','select',0,'0::1','','no',19,'yes','yes','no','no','no',NULL,3),(226,'notifications_enabled','notification enabled','send notifications for services','select',0,'0::1','','no',20,'yes','yes','no','no','no',NULL,3),(227,'check_freshness','check freshness','check age of last check results','select',0,'0::1','','no',21,'yes','yes','no','no','no',NULL,3),(228,'freshness_threshold','freshness threshold','age threshold in [sec.]','text',5,'','','no',22,'yes','yes','no','no','no',NULL,3),(229,'first_notification_delay','first notification delay','number of [min.] to wait before sending the first notification','text',4,'','','no',15,'yes','yes','no','no','no',NULL,14),(230,'first_notification_delay','first notification delay','number of [min.] to wait before sending the first notification','text',4,'','','no',14,'yes','yes','no','no','no',NULL,15);
/*!40000 ALTER TABLE `ConfigAttrs` ENABLE KEYS */;
UNLOCK TABLES;

--
-- Table structure for table `ConfigClasses`
--

DROP TABLE IF EXISTS `ConfigClasses`;
/*!40101 SET @saved_cs_client     = @@character_set_client */;
/*!40101 SET character_set_client = utf8 */;
CREATE TABLE `ConfigClasses` (
  `id_class` int(10) unsigned NOT NULL AUTO_INCREMENT,
  `config_class` varchar(50) NOT NULL DEFAULT '',
  `friendly_name` varchar(80) NOT NULL,
  `nav_visible` enum('yes','no') NOT NULL DEFAULT 'yes',
  `ordering` int(11) NOT NULL DEFAULT '0',
  `grouping` varchar(30) NOT NULL,
  `nav_links` varchar(512) NOT NULL,
  `nav_privs` enum('user','admin') NOT NULL DEFAULT 'admin',
  `class_type` enum('global','monitor','collector') NOT NULL DEFAULT 'global',
  `out_file` varchar(50) DEFAULT NULL,
  `nagios_object` varchar(50) DEFAULT NULL,
  PRIMARY KEY (`id_class`)
) ENGINE=InnoDB AUTO_INCREMENT=19 DEFAULT CHARSET=latin1;
/*!40101 SET character_set_client = @saved_cs_client */;

--
-- Dumping data for table `ConfigClasses`
--

LOCK TABLES `ConfigClasses` WRITE;
/*!40000 ALTER TABLE `ConfigClasses` DISABLE KEYS */;
INSERT INTO `ConfigClasses` VALUES (1,'host','Hosts','yes',1,'','Show::overview.php?class=host;;Add::handle_item.php?item=host','user','collector','hosts.cfg','host'),(2,'hostgroup','Hostgroups','yes',2,'','Show::overview.php?class=hostgroup;;Add::handle_item.php?item=hostgroup','user','collector','hostgroups.cfg','hostgroup'),(3,'service','Services','yes',3,'','Show::overview.php?class=service;;Add::handle_item.php?item=service','user','collector','services.cfg','service'),(4,'servicegroup','Servicegroups','yes',5,'','Show::overview.php?class=servicegroup;;Add::handle_item.php?item=servicegroup','user','collector','servicegroups.cfg','servicegroup'),(5,'contact','Contacts','yes',2,'','Show::overview.php?class=contact;;Add::handle_item.php?item=contact','admin','global','contacts.cfg','contact'),(6,'contactgroup','Contactgroups','yes',3,'','Show::overview.php?class=contactgroup;;Add::handle_item.php?item=contactgroup','admin','global','contactgroups.cfg','contactgroup'),(7,'timeperiod','Timeperiods','yes',6,'','Show::overview.php?class=timeperiod;;Add::handle_item.php?item=timeperiod','admin','global','timeperiods.cfg','timeperiod'),(8,'checkcommand','Checkcommands','yes',4,'','Show::overview.php?class=checkcommand;;Add::handle_item.php?item=checkcommand','admin','global','checkcommands.cfg','command'),(9,'os','OS','yes',1,'','Show::overview.php?class=os;;Add::handle_item.php?item=os','admin','global',NULL,NULL),(10,'nagios-collector','Distrib. collectors','yes',2,'Nagios servers','Show::overview.php?class=nagios-collector;;Add::handle_item.php?item=nagios-collector','admin','global',NULL,NULL),(11,'nagios-monitor','Central monitors','yes',1,'Nagios servers','Show::overview.php?class=nagios-monitor;;Add::handle_item.php?item=nagios-monitor','admin','global',NULL,NULL),(12,'host-preset','Host presets','yes',1,'Advanced Items','Show::overview.php?class=host-preset;;Add::handle_item.php?item=host-preset','admin','global',NULL,NULL),(13,'misccommand','Misccommands','yes',5,'','Show::overview.php?class=misccommand;;Add::handle_item.php?item=misccommand','admin','global','misccommands.cfg','command'),(14,'host-template','Host templates','yes',2,'Advanced Items','Show::overview.php?class=host-template;;Add::handle_item.php?item=host-template','admin','global','host_templates.cfg','host'),(15,'service-template','Service templates','yes',3,'Advanced Items','Show::overview.php?class=service-template;;Add::handle_item.php?item=service-template','admin','global','service_templates.cfg','service'),(16,'host-dependency','Host deps.','yes',4,'Advanced Items','Show::overview.php?class=host-dependency;;Add::handle_item.php?item=host-dependency','admin','collector','host_dependencies.cfg','hostdependency'),(17,'service-dependency','Service deps.','yes',5,'Advanced Items','Show::overview.php?class=service-dependency;;Add::handle_item.php?item=service-dependency','admin','collector','service_dependencies.cfg','servicedependency'),(18,'advanced-service','Advanced Services','yes',4,'','Show::overview.php?class=advanced-service;;Add::handle_item.php?item=advanced-service','user','collector','advanced_services.cfg','service');
/*!40000 ALTER TABLE `ConfigClasses` ENABLE KEYS */;
UNLOCK TABLES;

--
-- Table structure for table `ConfigItems`
--

DROP TABLE IF EXISTS `ConfigItems`;
/*!40101 SET @saved_cs_client     = @@character_set_client */;
/*!40101 SET character_set_client = utf8 */;
CREATE TABLE `ConfigItems` (
  `id_item` int(10) unsigned NOT NULL AUTO_INCREMENT,
  `fk_id_class` int(10) unsigned NOT NULL DEFAULT '0',
  PRIMARY KEY (`id_item`),
  KEY `fk_id_class` (`fk_id_class`),
  CONSTRAINT `ConfigItems_ibfk_1` FOREIGN KEY (`fk_id_class`) REFERENCES `ConfigClasses` (`id_class`) ON DELETE CASCADE ON UPDATE CASCADE
) ENGINE=InnoDB AUTO_INCREMENT=5383 DEFAULT CHARSET=latin1;
/*!40101 SET character_set_client = @saved_cs_client */;

--
-- Dumping data for table `ConfigItems`
--

LOCK TABLES `ConfigItems` WRITE;
/*!40000 ALTER TABLE `ConfigItems` DISABLE KEYS */;
INSERT INTO `ConfigItems` VALUES (5340,1),(5344,2),(5350,3),(5371,3),(5372,3),(5275,4),(5333,5),(5334,6),(5305,7),(5306,7),(5307,7),(5308,8),(5309,8),(5310,8),(5311,8),(5312,8),(5313,8),(5314,8),(5315,8),(5316,8),(5317,8),(5318,8),(5319,8),(5320,8),(5321,8),(5322,8),(5323,8),(5324,8),(5325,8),(5326,8),(5373,8),(5374,8),(5375,8),(5376,8),(5377,8),(5378,8),(5379,8),(5,9),(7,9),(2528,9),(5254,9),(5255,9),(5256,9),(5257,9),(5277,9),(1,10),(5231,12),(5258,12),(5259,12),(5276,12),(5381,12),(5382,12),(5296,13),(5327,13),(5328,13),(5329,13),(5330,13),(5331,13),(5380,13),(5297,14),(5298,14),(5335,14),(5336,14),(5337,14),(5338,14),(5339,14),(5301,15),(5302,15),(5348,15),(5349,15);
/*!40000 ALTER TABLE `ConfigItems` ENABLE KEYS */;
UNLOCK TABLES;

--
-- Table structure for table `ConfigValues`
--

DROP TABLE IF EXISTS `ConfigValues`;
/*!40101 SET @saved_cs_client     = @@character_set_client */;
/*!40101 SET character_set_client = utf8 */;
CREATE TABLE `ConfigValues` (
  `attr_value` varchar(1024) DEFAULT NULL,
  `fk_id_attr` int(10) unsigned NOT NULL DEFAULT '0',
  `fk_id_item` int(10) unsigned NOT NULL DEFAULT '0',
  PRIMARY KEY (`fk_id_attr`,`fk_id_item`),
  KEY `fk_id_item` (`fk_id_item`),
  CONSTRAINT `ConfigValues_ibfk_1` FOREIGN KEY (`fk_id_attr`) REFERENCES `ConfigAttrs` (`id_attr`) ON DELETE CASCADE ON UPDATE CASCADE,
  CONSTRAINT `ConfigValues_ibfk_2` FOREIGN KEY (`fk_id_item`) REFERENCES `ConfigItems` (`id_item`) ON DELETE CASCADE ON UPDATE CASCADE
) ENGINE=InnoDB DEFAULT CHARSET=latin1;
/*!40101 SET character_set_client = @saved_cs_client */;

--
-- Dumping data for table `ConfigValues`
--

LOCK TABLES `ConfigValues` WRITE;
/*!40000 ALTER TABLE `ConfigValues` DISABLE KEYS */;
INSERT INTO `ConfigValues` VALUES ('Default Nagios',1,1),('Linux',12,5),('Windows Server',12,7),('Sun Solaris',12,2528),('HP Unix',12,5254),('Free BSD',12,5255),('Router',12,5256),('Switch',12,5257),('HP Printer',12,5277),('base/linux40.gif',13,5),('base/win40.gif',13,7),('base/sunlogo.gif',13,2528),('base/hpux.gif',13,5254),('base/freebsd40.gif',13,5255),('base/router40.gif',13,5256),('base/switch40.gif',13,5257),('base/hp-printer40.gif',13,5277),('base/linux40.gd2',14,5),('base/win40.gd2',14,7),('base/sunlogo.gd2',14,2528),('base/hpux.gd2',14,5254),('base/freebsd40.gd2',14,5255),('base/router40.gd2',14,5256),('base/switch40.gd2',14,5257),('base/hp-printer40.gd2',14,5277),('docker-host',15,5340),('docker-host',16,5340),('docker-host',17,5340),('',24,5340),('',25,5340),('ALL',27,5344),('ALL',28,5344),('check_local_disk',30,5308),('check_local_load',30,5309),('check_local_procs',30,5310),('check_local_users',30,5311),('check_local_swap',30,5312),('check_local_mrtgtraf',30,5313),('check_ftp',30,5314),('check_hpjd',30,5315),('check_snmp',30,5316),('check_http',30,5317),('check_ssh',30,5318),('check_dhcp',30,5319),('check_ping',30,5320),('check_pop',30,5321),('check_imap',30,5322),('check_smtp',30,5323),('check_tcp',30,5324),('check_udp',30,5325),('check_nt',30,5326),('check DNS',30,5373),('check for DEFUNCT',30,5374),('check-jenkins',30,5375),('check_disk_smb',30,5376),('check_mysql',30,5377),('check_nagios',30,5378),('check_nrpe',30,5379),('$USER1$/check_disk -w $ARG1$ -c $ARG2$ -p $ARG3$',31,5308),('$USER1$/check_load -w $ARG1$ -c $ARG2$',31,5309),('$USER1$/check_procs -w $ARG1$ -c $ARG2$ -s $ARG3$',31,5310),('$USER1$/check_users -w $ARG1$ -c $ARG2$',31,5311),('$USER1$/check_swap -w $ARG1$ -c $ARG2$',31,5312),('$USER1$/check_mrtgtraf -F $ARG1$ -a $ARG2$ -w $ARG3$ -c $ARG4$ -e $ARG5$',31,5313),('$USER1$/check_ftp -H $HOSTADDRESS$ $ARG1$',31,5314),('$USER1$/check_hpjd -H $HOSTADDRESS$ $ARG1$',31,5315),('$USER1$/check_snmp -H $HOSTADDRESS$ $ARG1$',31,5316),('$USER1$/check_http -I $HOSTADDRESS$ $ARG1$',31,5317),('$USER1$/check_ssh $ARG1$ $HOSTADDRESS$',31,5318),('$USER1$/check_dhcp $ARG1$',31,5319),('$USER1$/check_ping -H $HOSTADDRESS$ -w $ARG1$ -c $ARG2$ -p 5',31,5320),('$USER1$/check_pop -H $HOSTADDRESS$ $ARG1$',31,5321),('$USER1$/check_imap -H $HOSTADDRESS$ $ARG1$',31,5322),('$USER1$/check_smtp -H $HOSTADDRESS$ $ARG1$',31,5323),('$USER1$/check_tcp -H $HOSTADDRESS$ -p $ARG1$ $ARG2$',31,5324),('$USER1$/check_udp -H $HOSTADDRESS$ -p $ARG1$ $ARG2$',31,5325),('$USER1$/check_nt -H $HOSTADDRESS$ -p 12489 -v $ARG1$ $ARG2$',31,5326),('$USER1$/check_dig -H $HOSTADDRESS$  -4 -l amazon.com -a 216.97.235.50  --w $ARG1$ -c $ARG2$',31,5373),('$USER1$/check_procs -w 0:2 -c 0:10 -s Z',31,5374),('$USER1$/check_procs -a jenkins -w:2:2 -c 2:4',31,5375),('$USER1$/check_disk_smb  -W SOHO-BALL  -A /home/bobb/.smb.$HOSTADDRESS$ -H $ARG1$ -s $ARG2$  $ARG5$ -w $ARG3$ -c $ARG4$',31,5376),('$USER1$/check_mysql -H mysql -P 3306 -d nagios_test -u bobb -p \"$(cat /run/secrets/mysql.pwd)\"',31,5377),('$USER1$/capture_plugin.pl $USER1$/check_nagios',31,5378),('$USER1$/check_nrpe -H $HOSTNAME$ -c $ARG1$',31,5379),('24x7',32,5305),('workhours',32,5306),('none',32,5307),('24 Hours A Day, 7 Days A Week',33,5305),('Normal Work Hours',33,5306),('No Time Is A Good Time',33,5307),('00:00-24:00',34,5305),('00:00-24:00',35,5305),('09:00-17:00',35,5306),('00:00-24:00',36,5305),('09:00-17:00',36,5306),('00:00-24:00',37,5305),('09:00-17:00',37,5306),('00:00-24:00',38,5305),('09:00-17:00',38,5306),('00:00-24:00',39,5305),('09:00-17:00',39,5306),('00:00-24:00',40,5305),('nagiosadmin',47,5333),('Nagios Admin',48,5333),('d,u,r,f,s',51,5333),('w,u,c,r,f,s',52,5333),('nagios@localhost',55,5333),('admins',57,5334),('Nagios Administrators',58,5334),('Root Partition',60,5350),('HTTP',60,5371),('SSH',60,5372),('',67,5371),('',67,5372),('',68,5371),('',68,5372),('0',69,5350),('0',69,5371),('0',69,5372),('web-services',70,5275),('Web Services',71,5275),('linux-server',73,5231),('windows-server',73,5258),('generic-switch',73,5259),('generic-printer',73,5276),('generic-host',73,5381),('web-server',73,5382),('!20%!10%!/',79,5350),('!',79,5371),('!',79,5372),('ARG1=% warning threshold, ARG2=% critical threshold, ARG3=path',86,5308),('ARG1=warning LOAD1&#44LOAD5&#44LOAD15, ARG2=critical LOAD1&#44LOAD5&#44LOAD15',86,5309),('ARG1=warning range,ARG2=critical range,ARG3=state',86,5310),('ARG1=warning users,ARG2=critical users',86,5311),('ARG1=warning free [% | bytes],ARG2=critical free [% | bytes]',86,5312),('ARG1=log_file,ARG2=[AVG | MAX],ARG3=warning_pair,ARG4=critical_pair,ARG5=expire minutes',86,5313),('ARG1=Multiple options - see command syntax',86,5314),('ARG1=Multiple options - see command syntax',86,5315),('ARG1=Multiple options - see command syntax',86,5316),('ARG1=Multiple options - see command syntax',86,5317),('ARG1=Multiple options - see command syntax',86,5318),('ARG1=Multiple options - see command syntax',86,5319),('ARG1=warning rta [ms]&#44wpl [%],ARG2=critical rta [ms]&#44wpl [%]',86,5320),('ARG1=Multiple options - see command syntax',86,5321),('ARG1=Multiple options - see command syntax',86,5322),('ARG1=Multiple options - see command syntax',86,5323),('ARG1=TCP port,ARG2=Multiple options - see command syntax',86,5324),('ARG1=UDP port,ARG2=Multiple options - see command syntax',86,5325),('ARG1=Variable,ARG2=Multiple options - see command syntax',86,5326),('warning=DOUBLE,critical=DOUBLE',86,5373),('',86,5374),('',86,5375),('Netbios name of server,Share name to be tested,INTEGER[kMG] warning,INTEGER[kMG] critical,other args',86,5376),('',86,5377),('',86,5378),('name of check to perform ',86,5379),('!10%!5%!/',87,5308),('!5.0,4.0,3.0!10.0,6.0,4.0',87,5309),('!',87,5310),('!',87,5311),('!',87,5312),('!',87,5313),('!',87,5314),('!',87,5315),('!',87,5316),('!',87,5317),('!',87,5318),('!',87,5319),('!3000.0,80%!5000.0,100%',87,5320),('!',87,5321),('!',87,5322),('!',87,5323),('!',87,5324),('!',87,5325),('!',87,5326),('!',87,5373),('!',87,5374),('!',87,5375),('!',87,5376),('!',87,5377),('!',87,5378),('!',87,5379),('no',93,5340),('3',94,5308),('2',94,5309),('3',94,5310),('2',94,5311),('2',94,5312),('5',94,5313),('1',94,5314),('1',94,5315),('1',94,5316),('1',94,5317),('1',94,5318),('1',94,5319),('2',94,5320),('1',94,5321),('1',94,5322),('1',94,5323),('2',94,5324),('2',94,5325),('2',94,5326),('2',94,5373),('0',94,5374),('0',94,5375),('5',94,5376),('0',94,5377),('0',94,5378),('1',94,5379),('user',96,5333),('enabled',97,5333),('service_is_stale',98,5296),('notify-host-by-email',98,5327),('notify-service-by-email',98,5328),('process-host-perfdata',98,5329),('process-service-perfdata',98,5330),('check-host-alive',98,5331),('verify-host-alive',98,5380),('/usr/lib/nagios/plugins/eventhandlers/stale_service.sh',99,5296),('/usr/bin/printf \"%b\" \"***** Nagios *****\\n\\nNotification Type: $NOTIFICATIONTYPE$\\nHost: $HOSTNAME$\\nState: $HOSTSTATE$\\nAddress: $HOSTADDRESS$\\nInfo: $HOSTOUTPUT$\\n\\nDate/Time: $LONGDATETIME$\\n\" | /bin/mail -s \"** $NOTIFICATIONTYPE$ Host Alert: $HOSTNAME$ is $HOSTSTATE$ **\" $CONTACTEMAIL$',99,5327),('/usr/bin/printf \"%b\" \"***** Nagios *****\\n\\nNotification Type: $NOTIFICATIONTYPE$\\n\\nService: $SERVICEDESC$\\nHost: $HOSTALIAS$\\nAddress: $HOSTADDRESS$\\nState: $SERVICESTATE$\\n\\nDate/Time: $LONGDATETIME$\\n\\nAdditional Info:\\n\\n$SERVICEOUTPUT$\\n\" | /bin/mail -s \"** $NOTIFICATIONTYPE$ Service Alert: $HOSTALIAS$/$SERVICEDESC$ is $SERVICESTATE$ **\" $CONTACTEMAIL$',99,5328),('/usr/bin/printf \"%b\" \"$LASTHOSTCHECK$\\t$HOSTNAME$\\t$HOSTSTATE$\\t$HOSTATTEMPT$\\t$HOSTSTATETYPE$\\t$HOSTEXECUTIONTIME$\\t$HOSTOUTPUT$\\t$HOSTPERFDATA$\\n\" >> /usr/local/nagios/var/host-perfdata.out',99,5329),('/usr/bin/printf \"%b\" \"$LASTSERVICECHECK$\\t$HOSTNAME$\\t$SERVICEDESC$\\t$SERVICESTATE$\\t$SERVICEATTEMPT$\\t$SERVICESTATETYPE$\\t$SERVICEEXECUTIONTIME$\\t$SERVICELATENCY$\\t$SERVICEOUTPUT$\\t$SERVICEPERFDATA$\\n\" >> /usr/local/nagios/var/service-perfdata.out',99,5330),('$USER1$/check_ping -H $HOSTADDRESS$ -w 3000.0,80% -c 5000.0,100% -p 5',99,5331),('$USER1$/check_ping -H $HOSTADDRESS$ -w 3000.0,80% -c 5000.0,100% -p 5',99,5380),('',101,5340),('',102,5371),('',102,5372),('',103,5308),('',103,5309),('',103,5310),('',103,5311),('',103,5312),('',103,5313),('',103,5314),('',103,5315),('',103,5316),('',103,5317),('',103,5318),('',103,5319),('',103,5320),('',103,5321),('',103,5322),('',103,5323),('',103,5324),('',103,5325),('',103,5326),('',103,5373),('',103,5374),('',103,5375),('',103,5376),('',103,5377),('',103,5378),('',103,5379),('',104,5344),('',105,5344),('',106,5275),('',107,5275),('Default_collector_server',108,5297),('Default_monitor_server',108,5298),('generic-host',108,5335),('linux-server',108,5336),('windows-server',108,5337),('generic-printer',108,5338),('generic-switch',108,5339),('0',110,5297),('0',110,5298),('0',110,5335),('0',110,5336),('0',110,5337),('0',110,5338),('0',110,5339),('10',119,5336),('10',119,5337),('10',119,5338),('10',119,5339),('5',120,5336),('5',120,5337),('5',120,5338),('5',120,5339),('1',121,5336),('1',121,5337),('1',121,5338),('1',121,5339),('120',122,5336),('30',122,5337),('30',122,5338),('30',122,5339),('d,u,r',123,5336),('d,r',123,5337),('d,r',123,5338),('d,r',123,5339),('1',124,5297),('0',124,5298),('0',125,5297),('1',125,5298),('1',126,5297),('1',126,5298),('1',126,5335),('0',127,5297),('0',127,5298),('86400',128,5297),('86400',128,5298),('Default_collector_server',129,5301),('Default_monitor_server',129,5302),('generic-service',129,5348),('local-service',129,5349),('0',131,5301),('0',131,5302),('0',131,5348),('0',131,5349),('3',139,5348),('4',139,5349),('10',140,5348),('5',140,5349),('2',141,5348),('1',141,5349),('60',142,5348),('w,u,c,r',143,5348),('1',144,5301),('0',144,5302),('1',144,5348),('0',145,5301),('1',145,5302),('1',145,5348),('1',146,5301),('1',146,5302),('1',146,5348),('0',147,5301),('0',147,5302),('0',147,5348),('86400',148,5301),('86400',148,5302),('yes',174,5350),('yes',174,5371),('yes',174,5372),('',180,5308),('',180,5309),('',180,5310),('',180,5311),('',180,5312),('',180,5313),('',180,5314),('',180,5315),('',180,5316),('',180,5317),('',180,5318),('',180,5319),('',180,5320),('',180,5321),('',180,5322),('',180,5323),('',180,5324),('',180,5325),('',180,5326),('',180,5373),('',180,5374),('',180,5375),('',180,5376),('',180,5377),('',180,5378),('',180,5379),('',181,5308),('',181,5309),('',181,5310),('',181,5311),('',181,5312),('',181,5313),('',181,5314),('',181,5315),('',181,5316),('',181,5317),('',181,5318),('',181,5319),('',181,5320),('',181,5321),('',181,5322),('',181,5323),('',181,5324),('',181,5325),('',181,5326),('',181,5373),('',181,5374),('',181,5375),('',181,5376),('',181,5377),('',181,5378),('',181,5379),('',207,5340),('',208,5340),('',209,5340),('',210,5340),('',211,5340),('',212,5340),('',213,5340),('',214,5340),('',215,5340),('',216,5340),('',217,5340),('',218,5371),('',218,5372),('',219,5371),('',219,5372),('',220,5371),('',220,5372),('',221,5371),('',221,5372),('',222,5371),('',222,5372),('',223,5371),('',223,5372),('',224,5371),('',224,5372),('',225,5371),('',225,5372),('',226,5371),('',226,5372),('',227,5371),('',227,5372),('',228,5371),('',228,5372);
/*!40000 ALTER TABLE `ConfigValues` ENABLE KEYS */;
UNLOCK TABLES;

--
-- Table structure for table `History`
--

DROP TABLE IF EXISTS `History`;
/*!40101 SET @saved_cs_client     = @@character_set_client */;
/*!40101 SET character_set_client = utf8 */;
CREATE TABLE `History` (
  `id_hist` int(10) unsigned NOT NULL AUTO_INCREMENT,
  `timestamp` timestamp NOT NULL DEFAULT CURRENT_TIMESTAMP ON UPDATE CURRENT_TIMESTAMP,
  `user_str` varchar(250) NOT NULL,
  `action` enum('created','added','assigned','unassigned','modified','edited','removed','general','module') NOT NULL,
  `attr_name` varchar(80) NOT NULL,
  `attr_value` varchar(1024) DEFAULT NULL,
  `fk_id_item` int(10) unsigned DEFAULT NULL,
  PRIMARY KEY (`id_hist`),
  KEY `fk_id_item` (`fk_id_item`),
  CONSTRAINT `History_ibfk_1` FOREIGN KEY (`fk_id_item`) REFERENCES `ConfigItems` (`id_item`) ON DELETE SET NULL ON UPDATE CASCADE
) ENGINE=InnoDB AUTO_INCREMENT=184 DEFAULT CHARSET=latin1;
/*!40101 SET character_set_client = @saved_cs_client */;

--
-- Dumping data for table `History`
--

LOCK TABLES `History` WRITE;
/*!40000 ALTER TABLE `History` DISABLE KEYS */;
INSERT INTO `History` VALUES (1,'2019-05-26 13:00:39','NConf Setup','general','installed','NConf 1.3.0',NULL),(2,'2019-05-26 13:14:40','admin','removed','service','hplj2605dn: Printer Status',NULL),(3,'2019-05-26 13:14:40','admin','removed','host','hplj2605dn',NULL),(4,'2019-05-26 13:14:47','admin','removed','service','linksys-srw224p: Port 1 Bandwidth Usage',NULL),(5,'2019-05-26 13:14:47','admin','removed','service','linksys-srw224p: Port 1 Link Status',NULL),(6,'2019-05-26 13:14:47','admin','removed','host','linksys-srw224p',NULL),(7,'2019-05-26 13:14:53','admin','removed','service','winserver: W3SVC',NULL),(8,'2019-05-26 13:14:53','admin','removed','host','winserver',NULL),(9,'2019-05-26 13:15:22','admin','modified','hostname','docker-hsot',5340),(10,'2019-05-26 13:15:22','admin','modified','alias','docker-host',5340),(11,'2019-05-26 13:15:22','admin','modified','address','docker-host',5340),(12,'2019-05-26 13:15:22','admin','edited','host','docker-hsot',5340),(13,'2019-05-26 13:15:36','admin','modified','hostname','docker-host',5340),(14,'2019-05-26 13:15:36','admin','edited','host','docker-host',5340),(15,'2019-05-26 13:36:54','admin','created','service','docker-host: HTTP',5371),(16,'2019-05-26 13:36:54','admin','added','service name','HTTP',5371),(17,'2019-05-26 13:36:54','admin','added','service enabled','yes',5371),(18,'2019-05-26 13:36:54','admin','assigned','check command','check_http',5371),(19,'2019-05-26 13:36:54','admin','assigned','assigned to host','docker-host',5371),(20,'2019-05-26 13:36:54','admin','assigned','check period','24x7',5371),(21,'2019-05-26 13:36:54','admin','assigned','service template(s)','generic-service',5371),(22,'2019-05-26 13:36:55','admin','added','notes','',5371),(23,'2019-05-26 13:36:55','admin','added','notes URL','',5371),(24,'2019-05-26 13:36:55','admin','added','action URL','',5371),(25,'2019-05-26 13:36:55','admin','added','max check attempts','',5371),(26,'2019-05-26 13:36:55','admin','added','check interval','',5371),(27,'2019-05-26 13:36:55','admin','added','retry interval','',5371),(28,'2019-05-26 13:36:55','admin','added','first notification delay','',5371),(29,'2019-05-26 13:36:55','admin','added','notification interval','',5371),(30,'2019-05-26 13:36:55','admin','added','notification options','',5371),(31,'2019-05-26 13:36:55','admin','added','active checking','',5371),(32,'2019-05-26 13:36:56','admin','added','passive checking','',5371),(33,'2019-05-26 13:36:56','admin','added','notification enabled','',5371),(34,'2019-05-26 13:36:56','admin','added','check freshness','',5371),(35,'2019-05-26 13:36:56','admin','added','freshness threshold','',5371),(36,'2019-05-26 13:36:56','admin','added','params for check command','!',5371),(37,'2019-05-26 13:36:56','admin','added','event-handler enabled','0',5371),(38,'2019-05-26 13:37:45','admin','created','service','docker-host: SSH',5372),(39,'2019-05-26 13:37:45','admin','added','service name','SSH',5372),(40,'2019-05-26 13:37:45','admin','added','service enabled','yes',5372),(41,'2019-05-26 13:37:45','admin','assigned','check command','check_ssh',5372),(42,'2019-05-26 13:37:46','admin','assigned','assigned to host','docker-host',5372),(43,'2019-05-26 13:37:46','admin','assigned','check period','24x7',5372),(44,'2019-05-26 13:37:46','admin','assigned','service template(s)','generic-service',5372),(45,'2019-05-26 13:37:46','admin','added','notes','',5372),(46,'2019-05-26 13:37:46','admin','added','notes URL','',5372),(47,'2019-05-26 13:37:46','admin','added','action URL','',5372),(48,'2019-05-26 13:37:46','admin','added','max check attempts','',5372),(49,'2019-05-26 13:37:46','admin','added','check interval','',5372),(50,'2019-05-26 13:37:46','admin','added','retry interval','',5372),(51,'2019-05-26 13:37:47','admin','added','first notification delay','',5372),(52,'2019-05-26 13:37:47','admin','added','notification interval','',5372),(53,'2019-05-26 13:37:47','admin','added','notification options','',5372),(54,'2019-05-26 13:37:47','admin','added','active checking','',5372),(55,'2019-05-26 13:37:47','admin','added','passive checking','',5372),(56,'2019-05-26 13:37:47','admin','added','notification enabled','',5372),(57,'2019-05-26 13:37:47','admin','added','check freshness','',5372),(58,'2019-05-26 13:37:47','admin','added','freshness threshold','',5372),(59,'2019-05-26 13:37:47','admin','added','params for check command','!',5372),(60,'2019-05-26 13:37:47','admin','added','event-handler enabled','0',5372),(61,'2019-05-26 15:17:55','admin','created','checkcommand','check DNS',5373),(62,'2019-05-26 15:17:55','admin','added','check command name','check DNS',5373),(63,'2019-05-26 15:17:55','admin','added','default service name','',5373),(64,'2019-05-26 15:17:55','admin','added','check command line','$USER1$/check_dig -H $HOSTADDRESS$  -4 -l amazon.com -a 216.97.235.50  --w $ARG1$ -c $ARG2$',5373),(65,'2019-05-26 15:17:56','admin','added','default command params','!',5373),(66,'2019-05-26 15:17:56','admin','added','params description','warning=DOUBLE,critical=DOUBLE',5373),(67,'2019-05-26 15:17:56','admin','added','amount of params','2',5373),(68,'2019-05-26 15:17:56','admin','assigned','default service template(s)','generic-service',5373),(69,'2019-05-26 15:17:56','admin','added','execution_failure_criteria for dependency','',5373),(70,'2019-05-26 15:17:56','admin','added','notification_failure_criteria for dependency','',5373),(71,'2019-05-26 15:18:43','admin','created','checkcommand','check for DEFUNCT',5374),(72,'2019-05-26 15:18:43','admin','added','check command name','check for DEFUNCT',5374),(73,'2019-05-26 15:18:43','admin','added','default service name','',5374),(74,'2019-05-26 15:18:43','admin','added','check command line','$USER1$/check_procs -w 0:2 -c 0:10 -s Z',5374),(75,'2019-05-26 15:18:43','admin','added','default command params','!',5374),(76,'2019-05-26 15:18:43','admin','added','params description','',5374),(77,'2019-05-26 15:18:43','admin','added','amount of params','0',5374),(78,'2019-05-26 15:18:44','admin','added','execution_failure_criteria for dependency','',5374),(79,'2019-05-26 15:18:44','admin','added','notification_failure_criteria for dependency','',5374),(80,'2019-05-26 15:19:25','admin','created','checkcommand','check-jenkins',5375),(81,'2019-05-26 15:19:25','admin','added','check command name','check-jenkins',5375),(82,'2019-05-26 15:19:25','admin','added','default service name','',5375),(83,'2019-05-26 15:19:25','admin','added','check command line','$USER1$/check_procs -a jenkins -w:2:2 -c 2:4',5375),(84,'2019-05-26 15:19:25','admin','added','default command params','!',5375),(85,'2019-05-26 15:19:25','admin','added','params description','',5375),(86,'2019-05-26 15:19:25','admin','added','amount of params','0',5375),(87,'2019-05-26 15:19:25','admin','assigned','default service template(s)','generic-service',5375),(88,'2019-05-26 15:19:26','admin','added','execution_failure_criteria for dependency','',5375),(89,'2019-05-26 15:19:26','admin','added','notification_failure_criteria for dependency','',5375),(90,'2019-05-26 15:20:21','admin','created','checkcommand','check_disk_smb',5376),(91,'2019-05-26 15:20:21','admin','added','check command name','check_disk_smb',5376),(92,'2019-05-26 15:20:21','admin','added','default service name','',5376),(93,'2019-05-26 15:20:21','admin','added','check command line','$USER1$/check_disk_smb  -W SOHO-BALL  -A /home/bobb/.smb.$HOSTADDRESS$ -H $ARG1$ -s $ARG2$  $ARG5$ -w $ARG3$ -c $ARG4$',5376),(94,'2019-05-26 15:20:21','admin','added','default command params','!',5376),(95,'2019-05-26 15:20:21','admin','added','params description','Netbios name of server,Share name to be tested,INTEGER[kMG] warning,INTEGER[kMG] critical,other args',5376),(96,'2019-05-26 15:20:21','admin','added','amount of params','5',5376),(97,'2019-05-26 15:20:22','admin','assigned','default service template(s)','generic-service',5376),(98,'2019-05-26 15:20:22','admin','added','execution_failure_criteria for dependency','',5376),(99,'2019-05-26 15:20:22','admin','added','notification_failure_criteria for dependency','',5376),(100,'2019-05-26 15:21:31','admin','created','checkcommand','check_msql',5377),(101,'2019-05-26 15:21:31','admin','added','check command name','check_msql',5377),(102,'2019-05-26 15:21:31','admin','added','default service name','',5377),(103,'2019-05-26 15:21:31','admin','added','check command line','$USER1$/check_mysql -H mysql -P 3306 -d nagios_test -u bobb -p \"$(cat /run/secrets/mysql.pwd)\"',5377),(104,'2019-05-26 15:21:31','admin','added','default command params','!',5377),(105,'2019-05-26 15:21:31','admin','added','params description','',5377),(106,'2019-05-26 15:21:31','admin','added','amount of params','0',5377),(107,'2019-05-26 15:21:32','admin','assigned','default service template(s)','generic-service',5377),(108,'2019-05-26 15:21:32','admin','added','execution_failure_criteria for dependency','',5377),(109,'2019-05-26 15:21:32','admin','added','notification_failure_criteria for dependency','',5377),(110,'2019-05-26 15:22:53','admin','created','checkcommand','check_nagios',5378),(111,'2019-05-26 15:22:53','admin','added','check command name','check_nagios',5378),(112,'2019-05-26 15:22:54','admin','added','default service name','',5378),(113,'2019-05-26 15:22:54','admin','added','check command line','$USER1$/capture_plugin.pl $USER1$/check_nagios',5378),(114,'2019-05-26 15:22:54','admin','added','default command params','!',5378),(115,'2019-05-26 15:22:54','admin','added','params description','',5378),(116,'2019-05-26 15:22:54','admin','added','amount of params','0',5378),(117,'2019-05-26 15:22:54','admin','assigned','default service template(s)','generic-service',5378),(118,'2019-05-26 15:22:54','admin','added','execution_failure_criteria for dependency','',5378),(119,'2019-05-26 15:22:54','admin','added','notification_failure_criteria for dependency','',5378),(120,'2019-05-26 15:24:08','admin','created','checkcommand','check_nrpe',5379),(121,'2019-05-26 15:24:08','admin','added','check command name','check_nrpe',5379),(122,'2019-05-26 15:24:08','admin','added','default service name','',5379),(123,'2019-05-26 15:24:09','admin','added','check command line','$USER1$/check_nrpe -H $HOSTNAME$ -c $ARG1$',5379),(124,'2019-05-26 15:24:09','admin','added','default command params','!',5379),(125,'2019-05-26 15:24:09','admin','added','params description','name of check to perform ',5379),(126,'2019-05-26 15:24:09','admin','added','amount of params','1',5379),(127,'2019-05-26 15:24:09','admin','assigned','default command to depend upon','check_ping',5379),(128,'2019-05-26 15:24:09','admin','added','execution_failure_criteria for dependency','',5379),(129,'2019-05-26 15:24:09','admin','added','notification_failure_criteria for dependency','',5379),(130,'2019-05-26 15:24:48','admin','modified','check command name','check_mysql',5377),(131,'2019-05-26 15:24:48','admin','edited','checkcommand','check_mysql',5377),(132,'2019-05-26 15:26:01','admin','removed','advanced-service','C: Drive Space',NULL),(133,'2019-05-26 15:26:09','admin','removed','advanced-service','PING interval 10',NULL),(134,'2019-05-26 15:26:16','admin','removed','advanced-service','PING interval 5',NULL),(135,'2019-05-26 15:28:10','admin','created','misccommand','verify-host-alive',5380),(136,'2019-05-26 15:28:10','admin','added','misc command name','verify-host-alive',5380),(137,'2019-05-26 15:28:10','admin','added','misc command line','$USER1$/check_ping -H $HOSTADDRESS$ -w 3000.0,80% -c 5000.0,100% -p 5',5380),(138,'2019-05-26 15:29:29','admin','created','host-preset','generic-host',5381),(139,'2019-05-26 15:29:29','admin','added','host preset name','generic-host',5381),(140,'2019-05-26 15:29:29','admin','assigned','host-alive check','check-host-alive',5381),(141,'2019-05-26 15:29:29','admin','assigned','host preset commands','check_ping',5381),(142,'2019-05-26 15:30:46','admin','created','host-preset','web-server',5382),(143,'2019-05-26 15:30:46','admin','added','host preset name','web-server',5382),(144,'2019-05-26 15:30:46','admin','assigned','host-alive check','verify-host-alive',5382),(145,'2019-05-26 15:30:46','admin','assigned','host preset commands','check_http',5382),(146,'2019-05-26 15:30:46','admin','assigned','host preset commands','check_ping',5382),(147,'2019-05-26 16:54:46','admin','removed','hostgroup','linux-servers',NULL),(148,'2019-05-26 16:54:51','admin','removed','hostgroup','network-printers',NULL),(149,'2019-05-26 16:54:57','admin','removed','hostgroup','switches',NULL),(150,'2019-05-26 16:55:31','admin','modified','hostgroup name','ALL',5344),(151,'2019-05-26 16:55:31','admin','modified','alias','ALL',5344),(152,'2019-05-26 16:55:31','admin','assigned','assign host to hostgroup','docker-host',5344),(153,'2019-05-26 16:55:31','admin','modified','notes','',5344),(154,'2019-05-26 16:55:31','admin','modified','notes URL','',5344),(155,'2019-05-26 16:55:31','admin','unassigned','assign advanced-service to hostgroup','NSClient++ Version',5344),(156,'2019-05-26 16:55:31','admin','unassigned','assign advanced-service to hostgroup','Uptime Windows',5344),(157,'2019-05-26 16:55:31','admin','unassigned','assign advanced-service to hostgroup','CPU Load',5344),(158,'2019-05-26 16:55:31','admin','unassigned','assign advanced-service to hostgroup','Memory Usage',5344),(159,'2019-05-26 16:55:31','admin','unassigned','assign advanced-service to hostgroup','Explorer',5344),(160,'2019-05-26 16:55:32','admin','edited','hostgroup','ALL',5344),(161,'2019-05-26 16:55:41','admin','general','config','generating...',NULL),(162,'2019-05-26 16:55:42','admin','general','config','generate failed with syntax errors',NULL),(163,'2019-05-26 16:56:01','admin','general','config','generating...',NULL),(164,'2019-05-26 16:56:01','admin','general','config','generate failed with syntax errors',NULL),(165,'2019-05-26 16:56:34','admin','removed','advanced-service','Uptime Windows',NULL),(166,'2019-05-26 16:57:13','admin','removed','advanced-service','CPU Load',NULL),(167,'2019-05-26 16:57:13','admin','removed','advanced-service','Current Load',NULL),(168,'2019-05-26 16:57:14','admin','removed','advanced-service','Current Users',NULL),(169,'2019-05-26 16:57:14','admin','removed','advanced-service','Explorer',NULL),(170,'2019-05-26 16:57:14','admin','removed','advanced-service','HTTP',NULL),(171,'2019-05-26 16:57:14','admin','removed','advanced-service','Memory Usage',NULL),(172,'2019-05-26 16:57:14','admin','removed','advanced-service','NSClient++ Version',NULL),(173,'2019-05-26 16:57:14','admin','removed','advanced-service','PING',NULL),(174,'2019-05-26 16:57:14','admin','removed','advanced-service','SSH',NULL),(175,'2019-05-26 16:57:14','admin','removed','advanced-service','Swap Usage',NULL),(176,'2019-05-26 16:57:14','admin','removed','advanced-service','Total Processes',NULL),(177,'2019-05-26 16:57:15','admin','removed','advanced-service','Uptime SNMP',NULL),(178,'2019-05-26 16:57:17','admin','general','config','generating...',NULL),(179,'2019-05-26 16:57:17','admin','general','config','generated successfully',NULL),(180,'2019-05-26 16:57:22','admin','module','deploy local','update config (FAILED)',NULL),(181,'2019-05-26 19:15:00','admin','general','config','generating...',NULL),(182,'2019-05-26 19:15:01','admin','general','config','generated successfully',NULL),(183,'2019-05-26 19:15:06','admin','module','deploy local','update config (FAILED)',NULL);
/*!40000 ALTER TABLE `History` ENABLE KEYS */;
UNLOCK TABLES;

--
-- Table structure for table `ItemLinks`
--

DROP TABLE IF EXISTS `ItemLinks`;
/*!40101 SET @saved_cs_client     = @@character_set_client */;
/*!40101 SET character_set_client = utf8 */;
CREATE TABLE `ItemLinks` (
  `fk_id_item` int(10) unsigned NOT NULL DEFAULT '0',
  `fk_item_linked2` int(10) unsigned NOT NULL DEFAULT '0',
  `fk_id_attr` int(10) unsigned NOT NULL DEFAULT '0',
  `cust_order` int(11) NOT NULL DEFAULT '0',
  PRIMARY KEY (`fk_id_item`,`fk_item_linked2`,`fk_id_attr`),
  KEY `fk_item_linked2` (`fk_item_linked2`),
  KEY `fk_id_attr` (`fk_id_attr`),
  CONSTRAINT `ItemLinks_ibfk_1` FOREIGN KEY (`fk_id_item`) REFERENCES `ConfigItems` (`id_item`) ON DELETE CASCADE ON UPDATE CASCADE,
  CONSTRAINT `ItemLinks_ibfk_2` FOREIGN KEY (`fk_item_linked2`) REFERENCES `ConfigItems` (`id_item`) ON DELETE CASCADE ON UPDATE CASCADE,
  CONSTRAINT `ItemLinks_ibfk_3` FOREIGN KEY (`fk_id_attr`) REFERENCES `ConfigAttrs` (`id_attr`) ON DELETE CASCADE ON UPDATE CASCADE
) ENGINE=InnoDB DEFAULT CHARSET=latin1;
/*!40101 SET character_set_client = @saved_cs_client */;

--
-- Dumping data for table `ItemLinks`
--

LOCK TABLES `ItemLinks` WRITE;
/*!40000 ALTER TABLE `ItemLinks` DISABLE KEYS */;
INSERT INTO `ItemLinks` VALUES (5231,5331,81,0),(5258,5331,81,0),(5259,5331,81,0),(5276,5331,81,0),(5317,5382,74,0),(5320,5381,74,0),(5320,5382,74,0),(5333,5305,49,0),(5333,5305,50,0),(5333,5327,53,0),(5333,5328,54,0),(5333,5334,59,0),(5335,5305,112,0),(5336,5305,111,0),(5336,5306,112,0),(5336,5331,113,0),(5336,5334,115,0),(5336,5335,114,1),(5337,5305,111,0),(5337,5305,112,0),(5337,5331,113,0),(5337,5334,115,0),(5337,5335,114,1),(5338,5305,111,0),(5338,5306,112,0),(5338,5331,113,0),(5338,5334,115,0),(5338,5335,114,1),(5339,5305,111,0),(5339,5305,112,0),(5339,5331,113,0),(5339,5334,115,0),(5339,5335,114,1),(5340,1,26,0),(5340,5,18,0),(5340,5231,75,0),(5340,5336,149,1),(5340,5344,29,0),(5348,5305,132,0),(5348,5305,133,0),(5348,5334,135,0),(5349,5348,134,1),(5350,5308,61,0),(5350,5340,62,0),(5350,5349,150,1),(5371,5305,63,0),(5371,5317,61,0),(5371,5340,62,0),(5371,5348,150,0),(5372,5305,63,0),(5372,5318,61,0),(5372,5340,62,0),(5372,5348,150,0),(5373,5348,178,0),(5375,5348,178,0),(5376,5348,178,0),(5377,5348,178,0),(5378,5348,178,0),(5379,5320,179,0),(5381,5331,81,0),(5382,5380,81,0);
/*!40000 ALTER TABLE `ItemLinks` ENABLE KEYS */;
UNLOCK TABLES;
/*!40103 SET TIME_ZONE=@OLD_TIME_ZONE */;

/*!40101 SET SQL_MODE=@OLD_SQL_MODE */;
/*!40014 SET FOREIGN_KEY_CHECKS=@OLD_FOREIGN_KEY_CHECKS */;
/*!40014 SET UNIQUE_CHECKS=@OLD_UNIQUE_CHECKS */;
/*!40101 SET CHARACTER_SET_CLIENT=@OLD_CHARACTER_SET_CLIENT */;
/*!40101 SET CHARACTER_SET_RESULTS=@OLD_CHARACTER_SET_RESULTS */;
/*!40101 SET COLLATION_CONNECTION=@OLD_COLLATION_CONNECTION */;
/*!40111 SET SQL_NOTES=@OLD_SQL_NOTES */;

